id,date,estimatedTotalAmt,transType,title,awardeeName
1604869,2016-03-11,46032,Contract Interagency Agreement,JASON Proposal,DEPARTMENT OF DEFENSE OASD for Research and Development
1649142,2016-09-12,292222,Standard Grant,NSF INCLUDES Launch Pilot: STEPs to STEM,Princeton University
1649297,2016-09-12,299787,Standard Grant,NSF INCLUDES: A National Network for Access and Inclusion in Physics Graduate Education,American Physical Society
1649361,2016-09-12,300000,Standard Grant,NSF INCLUDES:  Design & Development Launch Pilots:  UTAH PREP,Utah Valley University
1649365,2016-09-12,299024,Standard Grant,NSF INCLUDES: WATCH US  (Women Achieving Through Community Hubs) in the United States,University of Nebraska-Lincoln
1649381,2016-09-12,299981,Standard Grant,NSF INCLUDES:  STEM Core Initiative,Saddleback College
1649342,2016-11-07,299276,Standard Grant,Expanding STEM to INCLUDE the Bottom Quartile of the Nation's K-12 Graders Through the Teaching and Learning of Mathematics,Algebra Project Inc
1744440,2017-09-08,298416,Standard Grant,NSF INCLUDES DDLP: Southeastern Compact for Inclusive Student Transitions in Engineering and Physical Sciences (SCI-STEPS),Vanderbilt University
1744463,2017-09-08,299999,Standard Grant,NSF INCLUDES DDLP: Building on Strengths - A Design and Development Launch Pilot to Broaden Participation in Mathematics,Iowa State University
1744474,2017-09-08,299761,Standard Grant,NSF INCLUDES DDLP: Indigenous Math Circles Communities,Kansas State University
1744541,2017-12-14,299250,Standard Grant,NSF INCLUDES DDLP: Math FACESS (Families & Communities Empowering Student Success in Mathematics),Explora
1937126,2019-07-29,150000,Standard Grant,QLCI - CG: Texas Quantum Institute,William Marsh Rice University
1937055,2019-07-30,149713,Standard Grant,QLCI-CG: Design of Novel Functional Materials for Quantum Devices,SUNY at Buffalo
1937076,2019-07-30,149214,Standard Grant,QLCI - CG: Quantum Photonic Institute,Rochester Institute of Tech
1937147,2019-07-30,149658,Standard Grant,QLCI-CG Quantum Challenge Institute for Quantum Photonic Information Processing,Brigham Young University
1936246,2019-08-05,2000000,Standard Grant,QII-TAQS: Majorana Nanomanipulation for Topological Quantum Computing,Harvard University
1936314,2019-08-05,2000000,Standard Grant,QII-TAQS: Quantum Machine Learning with Photonics,"University of Maryland, College Park"
1936321,2019-08-05,1999728,Standard Grant,QII-TAQS: Quantum-Enhanced Telescopy,University of Illinois at Urbana-Champaign
1936353,2019-08-05,1994238,Standard Grant,QII-TAQS: Simulating Entangled Quantum Chemical Abstract Machines,Indiana University
1936526,2019-08-05,146551,Standard Grant,QLCI-CG: Center for Quantum Sensors,Washington University
1936726,2019-08-05,118125,Standard Grant,QLCI-CG: Center for Interdisciplinary Research in Quantum Information Theory and Simulation,Virginia Polytechnic Institute and State University
1936835,2019-08-05,150000,Standard Grant,QLCI-CG: The Open Quantum Frontier Institute,Colorado School of Mines
1936854,2019-08-05,143490,Standard Grant,QLCI-CG: Identification and Control of Fundamental Properties of Quantum Systems,Brown University
1936882,2019-08-05,149999,Standard Grant,QLCI-CG: Institute for Chiral-Quantum Materials Interfaces,Arizona State University
1937008,2019-08-05,142080,Standard Grant,QLCI-CG: Quantum Software for Scientific and Engineering Applications,University of Tennessee Knoxville
1937110,2019-08-05,103701,Standard Grant,QLCI-CG: Conceptualizing a Quantum Information Bioscience Institute for Quantum Sensing and Simulations in Novel Hybrid Architectures,Johns Hopkins University
1936100,2019-08-06,2000000,Continuing Grant,QII-TAQS: Strongly Interacting Photons in Coupled Cavity Arrays: A Platform for Quantum Many-Body Simulation,University of Washington
1936118,2019-08-06,2000000,Continuing Grant,QII-TAQS: Quantum Metrological Platform for Single-Molecule Bio-Sensing,University of Chicago
1936221,2019-08-06,2000000,Standard Grant,QII-TAQS: Spatially and Temporally Resolved Ultrasensitive Magnetic Sensing of Quantum Materials,Brown University
1936250,2019-08-06,1549179,Standard Grant,QII-TAQS: Topological Quantum Devices from Nanoscale Mechanical Control of Materials,University of Rochester
1936276,2019-08-06,1980000,Standard Grant,QII-TAQS: Quantum Circuits Through Symmetry-Driven Valley Optoelectronics,University of Pennsylvania
1936303,2019-08-06,1928242,Standard Grant,QII-TAQS: Quantum Control of Ultracold Atoms in Optical Lattices for Inertial Sensing for Space Applications,University of Colorado at Boulder
1936350,2019-08-06,1370200,Standard Grant,QII-TAQS: Quantum Photonics at Telecommunications Wavelengths Based on Metal-Ion-Doped Materials,Montana State University
1936351,2019-08-06,1948232,Standard Grant,QII-TAQS: Chip-Scale Quantum Emulators Based on Polaritonic Lattices,CUNY City College
1936375,2019-08-06,1646816,Continuing Grant,QII-TAQS: A Chip-Scale Spin-Photon Memory Interface with Coherence Exceeding One Second,University of California-Los Angeles
1936383,2019-08-06,1635591,Standard Grant,QII-TAQS: Quantum Devices with Majorana Fermions in High-Quality Three-Dimensional Topological Insulator Heterostructures,University of Utah
1936388,2019-08-06,2000000,Continuing Grant,QII-TAQS: Suppressing and Correcting Errors in Hybrid Superconducting Qubit Systems,University of Southern California
1936848,2019-08-06,149218,Standard Grant,QLCI-CG: Nevada Institute for Quantum Sciences and Technology,University of Nevada Las Vegas
1937025,2019-08-06,150000,Standard Grant,QLCI-CG: Towards a Boston Area Quantum Science and Engineering Institute,Trustees of Boston University
1936263,2019-08-09,1992000,Standard Grant,QII-TAQS: Characterizing and Utilizing 2D van der Wals Materials with Superconducting Qubits,Massachusetts Institute of Technology
1936345,2019-08-09,1440000,Standard Grant,QII-TAQS: All-Photonic Quantum Network,Columbia University
1936219,2019-08-13,1999070,Continuing Grant,QII-TAQS: Solid State Integration of Molecular Qubits,"OHIO STATE UNIVERSITY, THE"
1936359,2019-08-13,1995000,Standard Grant,QII-TAQS: Enhancing Quantum Coherence by Dissipation in Programmable Atomic Arrays,Columbia University
1936948,2019-08-13,149625,Standard Grant,QLCI-CG: Center for a Quantum-Engineered Distributed Computing and Communication Testbed,SUNY at Stony Brook
1936699,2019-08-14,111659,Standard Grant,"QLCI-CG: Atomic, Molecular, and Photonic Instruments on Chip for Quantum Sensing",Georgia Tech Research Corporation
1936853,2019-08-14,149999,Standard Grant,QLCI-CG: Conceptualization of The Institute for Quantum Biology on Quantum Computers,University of Florida
1937155,2019-08-14,149373,Standard Grant,QLCI-CG: Scalable Integrated Platforms for Quantum Information Processing,University of New Mexico
1936932,2019-08-15,147009,Standard Grant,QLCI-CG: Institute for Hybrid Quantum Systems,University of Washington
2016136,2020-07-20,25000000,Cooperative Agreement,QLCI-CI: NSF Quantum Leap Challenge Institute for Hybrid Quantum Architectures and Networks,University of Illinois at Urbana-Champaign
2016244,2020-07-20,25000000,Cooperative Agreement,QLCI-CI: NSF Quantum Leap Challenge Institute for Enhanced Sensing and Distribution Using Correlated Quantum States,University of Colorado at Boulder
2016245,2020-07-20,24936988,Cooperative Agreement,QLCI-CI: NSF Quantum Leap Challenge Institute for Present and Future Quantum Computing,University of California-Berkeley
2040525,2020-07-29,600000,Contract Interagency Agreement,Spectrum Subject Matter Expertise (SME) in Support of NSF's Spectrum Innovation Initiative,NATIONAL TELECOMMUNICATIONS & INFORMATION ADMINISTRATION
2037890,2020-08-11,299999,Standard Grant,"SII Planning: Theory, Practice and Reality of Spectrum",Texas A&M Engineering Experiment Station
2029670,2020-08-25,1259720,Continuing Grant,SWIFT: LARGE: Adaptive Radio Frequency Interference Cancellation for Radio Science Observatories,Massachusetts Institute of Technology
2030233,2020-09-14,1446565,Continuing Grant,SWIFT: LARGE: Passive and Active Spectrum Sharing (PASS),University of Colorado at Boulder
2030243,2020-09-15,421666,Standard Grant,Collaborative Research:  SWIFT:  LARGE:  Broker-Controlled Coexistence of 5G Wireless Artificially Intelligent Power Amplifier Array (AIPAA) with Passive Weather Radiometers,Baylor University
2137776,2021-07-28,2499476,Continuing Grant,QuIC-TAQS: Voltage-Tunable Hybrid Microwave-Acoustic Interconnects for Multi-modal Quantum Memories,Clemson University
2138068,2021-07-28,2500000,Continuing Grant,QuIC-TAQS: Implementation of a Neutral-Atom-Photonic-Cluster State,University of Oregon Eugene
2137645,2021-08-17,2463475,Continuing Grant,QuIC – TAQS: Interconnected superconducting and color center qubits in silicon devices,University of California-Berkeley
2137740,2021-08-19,2499537,Continuing Grant,QuIC ‐ TAQS: A Photon‐Phonon Quantum Interconnect via Brillouin‐Based Optomechanics in Quartz and Superfluid,Yale University
2137828,2021-08-23,2500000,Continuing Grant,QuIC-TAQS: Deterministically Placed Nuclear Spin Quantum Memories for Entanglement Distribution,University of Notre Dame
2137642,2021-08-30,2500000,Continuing Grant,QuIC - TaQS: Interconnects for a Superconducting-Atomic Hybrid Quantum Network,University of Illinois at Urbana-Champaign
2138174,2021-08-30,2499968,Continuing Grant,QuIC-TAQS: Multifunctional integrated quantum photonic processor for quantum interconnect,University of Rochester
2120757,2021-09-02,25000000,Cooperative Agreement,QLCI-CI: NSF Quantum Leap Challenge Institute for Robust Quantum Simulation,"University of Maryland, College Park"
2121044,2021-09-02,25000000,Cooperative Agreement,QLCI-CI: NSF Quantum Leap Challenge Institute for Quantum Sensing in Biophysics and Bioengineering,University of Chicago
2137723,2021-09-08,2500000,Continuing Grant,QuIC-TAQS: Integrated Lithium Niobate Quantum Photonics Platform,Harvard University
2137953,2021-09-08,2499999,Continuing Grant,QuIC-TAQS: Quantum Networking with Multipartite Entangled Photons,University of Colorado at Boulder
2137984,2021-09-08,2500000,Continuing Grant,QuIC-TAQS: A high-dimensional multi-access scalable testbed for the interconnected quantum network,University of California-Los Angeles
2231278,2022-08-12,799811,Standard Grant,ExpandQISE: Track 1: Fingerprinting and engineering tunable carbon-based quantum emitters in hexagonal boron nitride,Howard University
2231328,2022-08-12,800000,Standard Grant,ExpandQISE: Track 1: Reimagining Adaptive Quantum Algorithms,Arizona State University
2231334,2022-08-12,797770,Standard Grant,ExpandQISE: Track 1: Quantum Materials Temporal Analysis and Coherent Control using Atto metrology for Quantum Information Science,Morehouse College
2231356,2022-08-12,800000,Standard Grant,ExpandQISE: Track 1: Energy Efficient Quantum Control of Robust Spin Ensemble Qubits (EQ2),Virginia Commonwealth University
2231357,2022-08-12,800000,Standard Grant,ExpandQISE: Track 1: Virtual Quantum Networks: From Foundations to Field Tests,University of Alabama in Huntsville
2231387,2022-08-12,800000,Standard Grant,ExpandQISE:Track 1: Photonic Lattices for Robust All-Optical Quantum Devices,The University of Texas Rio Grande Valley
2231388,2022-08-12,800000,Standard Grant,ExpandQISE Track 1: Quantum information exchange over spatially-multimode and multi-core optical fibers,University of Texas at Arlington
2228725,2022-08-15,5000000,Standard Grant,ExpandQISE: Track 2: Neutral Atom Based Quantum Information Processing,University of Texas at Dallas
2228841,2022-08-15,5000000,Standard Grant,ExpandQISE: Track 2: Developing Research and Education Programs in Quantum Information Science and Engineering with Research on Locally Tunable 2D Topological Superconductors,University of Wyoming
2228891,2022-08-15,5000000,Standard Grant,"ExpandQISE: Track 2: QuAPB, Expanding Quantum Research and Education at the University of Arkansas at Pine Bluff",University of Arkansas at Pine Bluff
2231377,2022-08-23,799985,Standard Grant,Expand QISE: Track 1:  RLQSC: Reinforcement Learning for the Optimal Design of Programmable Quantum Sensor Circuit,Cleveland State University
2220322,2022-08-29,997128,Continuing Grant,MPS-ASCEND EM: A Postdoc Community of Mentoring and Networking,Carnegie Mellon University
2232368,2022-08-31,1999985,Continuing Grant,SII-NRDZ: Radio Astronomy Dynamic Satellite Inteference-Mitigation and Spectrum Sharing (RADYSISS),University of Colorado at Boulder
2232463,2022-08-31,1123996,Continuing Grant,Collaborative Research: SII-NRDZ: POWDER-RDZ - Spectrum sharing in the POWDER platform,University of Utah
2232465,2022-08-31,188000,Standard Grant,Collaborative Research: SII-NRDZ: POWDER-RDZ - Spectrum sharing in the POWDER platform,Georgia Tech Research Corporation
2232481,2022-09-06,1100000,Continuing Grant,Collaborative Research: SII-NRDZ: SweepSpace: Enabling Autonomous Fine-Grained Spatial Spectrum Sensing and Sharing,University of California-San Diego
2232461,2022-09-08,485000,Standard Grant,Collaborative Research: SII-NRDZ: ARA-NRDZ: From Site and Application Investigation to Prototyping and Field Testing,Iowa State University
2232462,2022-09-08,14916,Standard Grant,Collaborative Research: SII-NRDZ: ARA-NRDZ: From Site and Application Investigation to Prototyping and Field Testing,SUNY at Stony Brook
2304118,2022-11-09,800000,Standard Grant,ExpandQISE: Track 1: Virtual Quantum Networks: From Foundations to Field Tests,North Carolina State University
2232455,2022-12-16,289839,Standard Grant,Collaborative Research: SII-NRDZ:Spectrum Sharing via Consumption Models and Telemetry - Prototyping and Field Testing in an Urban FCC Innovation Zone,Columbia University
2232456,2022-12-16,190000,Standard Grant,Collaborative Research: SII-NRDZ:Spectrum Sharing via Consumption Models and Telemetry - Prototyping and Field Testing in an Urban FCC Innovation Zone,Syracuse University
2232457,2022-12-16,190000,Standard Grant,Collaborative Research: SII-NRDZ:Spectrum Sharing via Consumption Models and Telemetry - Prototyping and Field Testing in an Urban FCC Innovation Zone,Princeton University
2232458,2022-12-16,190000,Standard Grant,Collaborative Research: SII-NRDZ:Spectrum Sharing via Consumption Models and Telemetry - Prototyping and Field Testing in an Urban FCC Innovation Zone,Duke University
2232459,2022-12-16,290000,Standard Grant,Collaborative Research: SII-NRDZ:Spectrum Sharing via Consumption Models and Telemetry - Prototyping and Field Testing in an Urban FCC Innovation Zone,Rutgers University New Brunswick
2232460,2022-12-16,100161,Standard Grant,Collaborative Research: SII-NRDZ:Spectrum Sharing via Consumption Models and Telemetry - Prototyping and Field Testing in an Urban FCC Innovation Zone,CUNY City College
2336471,2023-08-10,440082,Continuing Grant,Spectrum Management for the Protection of Radio Astronomy,Johns Hopkins University
2328489,2023-08-15,797576,Standard Grant,ExpandQISE: Track 1: Quantum Molecular Dynamics on Quantum Computers,Marquette University
2328540,2023-08-15,797576,Standard Grant,ExpandQISE: Track 1: Development of Er-doped Semiconductor Nanophotonics to realize Optoelectronic Capabilities for Quantum Information Applications at Telecom Wavelengths,West Chester University of Pennsylvania
2328663,2023-08-15,799989,Standard Grant,ExpandQISE: Track 1: Scalable Quantum Gravimeters with Large-Momentum-Transfer Atom Interferometry,Rutgers University Newark
2328747,2023-08-15,799163,Standard Grant,ExpandQISE: Track 1: A Deep-Dive into the Materials Science of Alpha-Ta Growth on Oxides for Superconducting Resonator Development,Miami University
2328752,2023-08-15,800000,Standard Grant,ExpandQISE: Track 1: Quantum@MTSU: Building QISE Research and Education in Middle Tennessee,Middle Tennessee State University
2328774,2023-08-15,5000000,Continuing Grant,ExpandQISE: Track 2: EQUIP-UMB-Expand Quantum Information Programs at UMass Boston,University of Massachusetts Boston
2328800,2023-08-15,800000,Standard Grant,ExpandQISE: Track 1: Harnessing a scalable platform to demonstrate multipartite quantum effects under strict conditions,University of New Orleans
2328822,2023-08-15,800000,Standard Grant,ExpandQISE: Track 1: Understanding and controlling decoherence in hybrid spin qubit-magnon systems for advancing education and building workforce in emerging quantum technologies,Wichita State University
2328837,2023-08-15,745000,Standard Grant,ExpandQISE: Track 1: Investigating biomass pretreatment with nanodiamond quantum sensors,Southern Illinois University at Edwardsville
2328889,2023-08-15,800000,Standard Grant,ExpandQISE: Track 1: Development of Quantum Information Science Programs at an Undergraduate Institution through Research in 2D Qubit Systems,University of Northern Iowa
2328948,2023-08-15,650000,Standard Grant,ExpandQISE: Track 1: Analog quantum simulation of non-Markovian dynamics of multi-qubit systems,New York Institute of Technology
2328991,2023-08-15,800000,Standard Grant,ExpandQISE: Track 1: Prairie View A&M University - Virginia Tech Partnership in Quantum Science & Engineering Research and Education,Prairie View A & M University
2328993,2023-08-15,4878580,Continuing Grant,ExpandQISE: Track 2: Leveraging synthetic degrees of freedom for quantum state engineering in photonic chips,CUNY City College
2329006,2023-08-15,800000,Standard Grant,ExpandQISE: Track 1: Light-controlled magnetism in Floquet-Bloch systems,New Mexico Institute of Mining and Technology
2329017,2023-08-15,4999994,Continuing Grant,ExpandQISE: Track 2: Expanding Quantum Research and Education at Winston-Salem State University with Research on Hybrid Microwave-Optical Quantum Devices,Winston-Salem State University
2329020,2023-08-15,690583,Standard Grant,ExpandQISE: Track 1: Collaborative Optimization and Management for Iterative and Parallel Quantum Computing,Fordham University
2329027,2023-08-15,796083,Standard Grant,ExpandQISE: Track 1: Exceptional entanglement transition and supersensitive quantum sensing empowered by anti-Hermiticity and symmetries,Kennesaw State University Research and Service Foundation
2329053,2023-08-15,800000,Standard Grant,ExpandQISE: Track 1: A Quantum Good Network Protocol (QGP) and Implementation for Security-Enhanced Network Authentication,Morgan State University
2329067,2023-08-15,5000000,Continuing Grant,ExpandQISE: Track 2: A Quantum Science Education and Research Program for HBCUs: Exotic Physics and Applications of Solid-State Qubits,Howard University
2329097,2023-08-15,4999996,Continuing Grant,ExpandQISE: Track 2: NC A&T QISE Research Workforce Development Programs,North Carolina Agricultural & Technical State University
2329159,2023-08-15,800000,Standard Grant,ExpandQISE: Track 1: Ferroelectric Ordering and Polarization-Coupled Transport Properties in 2D Van der Waals Materials,South Dakota School of Mines and Technology
2329242,2023-08-15,800000,Standard Grant,ExpandQISE: Track 1: Micron Scale Solid State Quantum Sensors Optimized through Machine Learning,Morgan State University
2335896,2023-08-16,82144,Standard Grant,Conference: LEAPS-MPS PI Workshop,University of Florida
2326528,2023-08-22,995658,Standard Grant,QuSeC-TAQS: Driving Advances in Magnetic Materials and Devices with Quantum Sensing of Magnons,Case Western Reserve University
2326628,2023-08-22,2000000,Continuing Grant,QuSeC-TAQS: Nanodiamond Quantum Sensing for Four-Dimensional Live-Cell Imaging,University of Texas at Dallas
2326736,2023-08-22,999978,Continuing Grant,QuSeC-TAQS: Quantum Atomic Coherence-based Charged Particle Sensor,College of William and Mary
2326746,2023-08-22,1075000,Standard Grant,QuSeC-TAQS: Sensing-Intelligence on The Move: Quantum-Enhanced Optical Diagnosis of Crop Diseases,North Carolina State University
2326748,2023-08-22,2000000,Continuing Grant,QuSeC-TAQS: Quantum Sensing Platform for Biomolecular Analytics,University of Chicago
2326754,2023-08-22,1680000,Continuing Grant,QuSeC-TAQS: Integrated Squeezed-Light Magneto-Optical Sensor,University of California-Santa Barbara
2326767,2023-08-22,2000000,Standard Grant,QuSeC-TAQS: Nanoscale Covariance Magnetometry with Diamond Quantum Sensors,Princeton University
2326784,2023-08-22,2000000,Continuing Grant,QuSeC-TAQS: Compact and Robust Quantum Atomic Sensors for Timekeeping and Inertial Sensing,University of Wisconsin-Madison
2326787,2023-08-22,1750000,Continuing Grant,"QuSeC-TAQS: Quantum Sensor Networks for Metrology, Chemistry and Astrophysics",Harvard University
2326792,2023-08-22,1000000,Continuing Grant,QuSeC-TAQS: Quantum Sensing with Strongly Nonclassical Light Based on Third-Order Nonlinearities,"University of Maryland, College Park"
2326801,2023-08-22,2000000,Continuing Grant,QuSeC-TAQS: Development of Quantum Sensors with Helium-4 using 2D Materials,"Board of Regents, NSHE, obo University of Nevada, Reno"
2326803,2023-08-22,999994,Standard Grant,QuSeC-TAQS: Distributed Entangled Quantum-Enhanced  Interferometric Imaging for Telescopy and Metrology,University of Oregon Eugene
2326808,2023-08-22,1899805,Continuing Grant,QuSeC-TAQS: Improving Geodesy and Gravitational Sensing with Quantum Sensors of Time,University of Colorado at Boulder
2326810,2023-08-22,1759241,Continuing Grant,QuSeC-TAQS: Novel Quantum Algorithms for Optical Atomic Clocks,University of California-Santa Barbara
2326837,2023-08-22,1750000,Standard Grant,QuSeC-TAQS: Noise Engineering For Enhanced Quantum Sensing,Colorado State University
2326838,2023-08-22,2000000,Continuing Grant,QuSeC-TAQS: Optically Hyperpolarized Quantum Sensors in Designer Molecular Assemblies,University of California-Berkeley
2326840,2023-08-22,1000001,Standard Grant,QuSeC-TAQS: Distributed Entanglement Quantum Sensing of Atmospheric and Aerosol Chemistries,University of California-Los Angeles
2332675,2023-08-23,749999,Standard Grant,SWIFT-SAT: Efficient and On-Demand Spectrum Coexistence for Satellite-Terrestrial Systems,Virginia Polytechnic Institute and State University
2322875,2023-09-05,88856,Standard Grant,Conference: Catalyzing the Future of Spectrum Coexistence Through a National Radio Dynamic Zone Workshop,SUNY at Albany
2405381,2023-12-27,48569,Standard Grant,Conference: Workshop on a National Center for Quantum Education and  Workforce Development,University of Colorado at Boulder
2348589,2024-02-13,400000,Standard Grant,Collaborative Research: SII-NRDZ: SweepSpace: Enabling Autonomous Fine-Grained Spatial Spectrum Sensing and Sharing,Rochester Institute of Tech
2332665,2024-06-25,178868,Standard Grant,Collaborative Research: SWIFT-SAT: Coexistence of Remote Astronomical Instruments Susceptible to Interference with Large Communication Satellite Constellations,University of New Mexico
2332666,2024-06-25,140598,Standard Grant,Collaborative Research: SWIFT-SAT: Coexistence of Remote Astronomical Instruments Susceptible to Interference with Large Communication Satellite Constellations,University of Minnesota-Twin Cities
2332667,2024-06-25,169315,Standard Grant,Collaborative Research: SWIFT-SAT: Coexistence of Remote Astronomical Instruments Susceptible to Interference with Large Communication Satellite Constellations,University of Chicago
2332668,2024-06-25,259284,Standard Grant,Collaborative Research: SWIFT-SAT: Coexistence of Remote Astronomical Instruments Susceptible to Interference with Large Communication Satellite Constellations,Harvard University
2412615,2024-07-10,1750000,Standard Grant,QuSeC-TAQS: Noise Engineering For Enhanced Quantum Sensing,"OHIO STATE UNIVERSITY, THE"
2410675,2024-08-08,1000000,Standard Grant,NQVL:QSTD:Pilot:  Quantum Advantage-Class Trapped Ion system (QACTI),Duke University
2410687,2024-08-08,1000000,Standard Grant,NQVL:QSTD:Pilot: Quantum sensing and imaging lab (Q-SAIL),University of California-Los Angeles
2410716,2024-08-08,1000000,Standard Grant,NQVL:QSTD:Pilot: Deep Learning on Programmable Quantum Computers (DLPQC),Massachusetts Institute of Technology
2410725,2024-08-08,1000000,Standard Grant,NQVL:QSTD:Pilot: Wide-Area Quantum Network To Demonstrate Quantum Advantage (SCY-QNet),SUNY at Stony Brook
2410813,2024-08-08,1000000,Standard Grant,NQVL:QSTD:Pilot: Quantum Computing Applications of Photonics (QCAP),University of New Mexico
2426699,2024-08-08,792705,Standard Grant,ExpandQISE: Track 1: Demonstration of distributed quantum sensing with Heisenberg scaling by creating multipartite entanglement among eight nodes on a commercial quantum network,University of Tennessee Chattanooga
2426921,2024-08-08,769750,Standard Grant,ExpandQISE: Track 1: Topological phonon dynamics and control in quantum materials,College of Charleston
2426978,2024-08-08,800000,Standard Grant,ExpandQISE: Track 1: Exploring Exchange Interaction between Persistent Spin Helix and Defect Spin Qubits for Quantum Information,CUNY Hunter College
2427090,2024-08-08,799998,Standard Grant,ExpandQISE: Track 1: Strongly Correlated Molecular Qubits for Quantum Sensing,Rowan University
2427093,2024-08-08,799967,Standard Grant,ExpandQISE: Track 1: Microwave resonator probes of quantum materials for advancing qubit platforms,Saint Louis University
2427120,2024-08-09,799123,Standard Grant,ExpandQISE: Track 1: Hybrid Solid-State Qubit Systems for Modular Quantum Information Processing,University of Rhode Island
2427149,2024-08-09,799915,Standard Grant,ExpandQISE: Track 1: Integrating Single Molecules to Two-Dimensional Materials toward Quantum Devices,University of Missouri-Saint Louis
2435548,2024-08-09,41115,Standard Grant,Conference: Quantum Leap Career Nexus Workshop,"University of Maryland, College Park"
2426522,2024-08-28,800000,Standard Grant,ExpandQISE: Track 1: JSU-UNL Collaboration on Quantum Sensing Research and Education for Minority Participants,Jackson State University
2426642,2024-08-28,800000,Standard Grant,ExpandQISE: Track 1: Engineering Tailored Modes in Hybrid Magnonics for Quantum Signal Transduction and Communication,North Carolina Agricultural & Technical State University
2426768,2024-08-28,5000000,Standard Grant,ExpandQISE: Track 2: Quantum Fluids and Solids as Platforms for Quantum Science and Engineering,Florida Agricultural and Mechanical University
2426915,2024-08-28,796516,Standard Grant,"ExpandQISE: Track 1: Bright, Highly Polarization-Squeezed Light Beam for Quantum Metrology",Miami University
2426940,2024-08-28,799995,Standard Grant,ExpandQISE: Track 1: Education and Research of System and Network Supports for Quantum Cloud,Worcester Polytechnic Institute
2426975,2024-08-28,5000000,Standard Grant,ExpandQISE: Track 2: Developing Quantum Information Science and Engineering Research and Education Program at FAMU,Florida Agricultural and Mechanical University
2427020,2024-08-28,800000,Standard Grant,ExpandQISE: Track 1: Quantum Walk Advantage in Algorithm and Protocol Design,Clarkson University
2427042,2024-08-28,800000,Standard Grant,ExpandQISE: Track 1: Quantum Correlations in Quantum Approximate Optimization Algorithms and Their Implementation,University of Rhode Island
2427046,2024-08-28,800000,Standard Grant,ExpandQISE: Track 1: Quantum Algorithms for Relativistic Quantum Chemistry,University of North Dakota Main Campus
2427047,2024-08-28,800000,Standard Grant,ExpandQISE: Track 1: Spectrally-multiplexed photon-pair sources for Quantum Sensing and Networking,University of North Dakota Main Campus
2427079,2024-08-28,5000000,Standard Grant,"ExpandQISE: Track 2: Quantum Materials Institute: 2D Materials, heterostructures and metasurfaces for compact, efficient entangled photon-pair generation for quantum communications",South Dakota School of Mines and Technology
2427091,2024-08-28,5000000,Standard Grant,ExpandQISE: Track 2: Research and Education Center for Quantum Materials and Sensing at a Women's College,Bryn Mawr College
2427109,2024-08-28,793198,Standard Grant,ExpandQISE: Track 1: Quantum Compilation: Elevating Performance and Scalability with Input Adaptivity and Machine Learning,Rochester Institute of Tech
2427154,2024-08-28,799840,Standard Grant,ExpandQISE: Track 1: Quantum analog simulation with Bose-Einstein condensates in flexible light fields,University of San Diego
2427159,2024-08-28,800000,Standard Grant,ExpandQISE: Track 1: First- Principles Calculation of Quantum Defects via the Spin-Flip Bethe-Salpeter Equation Approach,University of California - Merced
2427169,2024-08-28,4999992,Standard Grant,"ExpandQISE: Track 2: Integrating research and education pathways to the quantum future: synthesis, control and readout of spin-phonon quantum states for QISE education.",Northern Arizona University
2431961,2024-09-20,10500000,Cooperative Agreement,SII-NRDZ: MITRE NRDZ-as-a-Service Field Deployment,Mitre Corporation Virginia
2503230,2024-12-12,2000000,Continuing Grant,QuSeC-TAQS: Nanodiamond Quantum Sensing for Four-Dimensional Live-Cell Imaging,Purdue University
2435166,2024-12-13,1000000,Standard Grant,NQVL:QSTD:Pilot: Quantum Photonic Integration and Deployment (QuPID),Regents of the University of Michigan - Ann Arbor
2435244,2024-12-13,1000000,Standard Grant,NQVL:QSTD:Pilot: Erasure Qubits and Dynamic Circuits for Quantum Advantage (ERASE),Yale University
2435255,2024-12-13,1000000,Standard Grant,NQVL:QSTD:Pilot: Quantum Blueprint: Optimizing Analog Pathways in Diverse Scientific Realms (Q-BLUE),Iowa State University
2435363,2024-12-13,1000000,Standard Grant,NQVL:QSTD:Pilot: Distributed-Entanglement Quantum Sensing of Chemical Properties (DQS-CP),"OHIO STATE UNIVERSITY, THE"
2435378,2024-12-13,1000000,Standard Grant,NQVL:QSTD:Pilot: Attosecond Synchronized Photonic Entanglement Network (ASPEN-Net),University of Oregon Eugene
2435382,2024-12-13,1000000,Standard Grant,NQVL:QSTD:Pilot: Accelerating Fault-Tolerant Quantum Logic (FTL),University of California-Los Angeles
2535003,2025-06-12,187999,Standard Grant,Collaborative Research: SII-NRDZ: POWDER-RDZ - Spectrum sharing in the POWDER platform,University of Utah
2531350,2025-09-03,4000000,Cooperative Agreement,NQVL:QTSD:Design: Quantum Advantage Class Trapped Ions system (QACTI),Duke University
2531365,2025-09-03,4000000,Cooperative Agreement,NQVL:QSTD:Design: Wide-Area Quantum Network to Demonstrate Quantum Advantage (SCY-QNet),SUNY at Stony Brook
2531569,2025-09-03,4000000,Cooperative Agreement,NQVL:QSTD:Design: Quantum Computing Applications of Photonics (QCAP),University of New Mexico
2533041,2025-09-03,4000000,Cooperative Agreement,NQVL:QSTD:Design: Open-Stack Rydberg Atom Quantum Computing Laboratory (ORAQL),Massachusetts Institute of Technology
2547175,2026-06-24,4000000,Cooperative Agreement,NQVL:QSTD:Design: Erasure Qubits and Dynamic Circuits for Quantum Advantage (ERASE),Yale University
2547323,2026-06-24,4000000,Cooperative Agreement,NQVL:QSTD:Design: Quantum Photonic Integration and Deployment (QuPID),Regents of the University of Michigan - Ann Arbor
2547444,2026-06-24,4000000,Cooperative Agreement,NQVL:QSTD:Design: Distributed-Entanglement Quantum Sensing of Chemical Properties (DQS-CP),"OHIO STATE UNIVERSITY, THE"
2547483,2026-06-24,4000000,Cooperative Agreement,NQVL:QSTD:Design: Accelerating Fault-Tolerant Quantum Logic (FTL),University of California-Los Angeles
2547582,2026-06-24,4000000,Cooperative Agreement,NQVL:QSTD:Design: Attosecond Synchronized Photonic Entanglement Network (ASPEN-Net),University of Oregon Eugene
2611358,2026-07-31,50000,Standard Grant,Conference: QURiSE: Quantum Undergraduate Research in Science and Engineering,"University of Maryland, College Park"
2552449,2026-08-21,37500000,Cooperative Agreement,QLCI: The Physics and Engineering of Practical Quantum Error Correction (PRACTIQAL),Yale University
2552714,2026-08-21,37500000,Cooperative Agreement,QLCI: Quantum Systems through Entangled Science and Engineering (Q-SENSE),University of Colorado at Boulder
2553574,2026-08-21,37500000,Cooperative Agreement,QLCI: Institute for Robust Quantum Simulation (RQS),"University of Maryland, College Park"
2553576,2026-08-21,37500000,Cooperative Agreement,QLCI: Quantum Sensing for Biophysics and Bioengineering (QUBBE),University of Chicago
2553578,2026-08-21,37500000,Cooperative Agreement,QLCI: Hybrid Quantum Architectures and Networks (HQAN),University of Illinois at Urbana-Champaign
2553595,2026-08-21,37500000,Cooperative Agreement,QLCI: Challenge Institute for Quantum Computation (CIQC),University of California-Berkeley
2553619,2026-08-21,37500000,Cooperative Agreement,"QLCI: Fault Tolerant Quantum Systems, Architectures and Applications (FTQSAA)",Harvard University
2553633,2026-08-21,27918000,Cooperative Agreement,QLCI: Manufacturable and Resilient Superconducting Quantum Information Systems (MARQUIS),Princeton University
